,Dataset,Time,Detector/Descriptor
0,MAP Dataset,175.80868527499842,AKAZE
1,MAP Dataset,165.08315364100054,BRISK
2,MAP Dataset,132.86358953200033,BRISK+FREAK
3,MAP Dataset,878.3543973699998,KAZE
4,MAP Dataset,355.82033162300104,ORB
5,MAP Dataset,35.53285013000004,RootSIFT
6,MAP Dataset,24.083303040999454,STAR+BRIEF
